V2	bucket	minio_bucket_objects_size_distribution	histogramMetric	"Distribution of object sizes in the bucket, includes label for the bucket name"
V2	bucket	minio_bucket_objects_version_distribution	histogramMetric	"Distribution of object sizes in the bucket, includes label for the bucket name"
V2	bucket	minio_bucket_quota_total_bytes	gaugeMetric	"Total bucket quota size in bytes"
V2	bucket	minio_bucket_replication_credential_errors	counterMetric	"Total number of replication credential errors since server uptime"
V2	bucket	minio_bucket_replication_last_hour_failed_bytes	gaugeMetric	"Total number of bytes failed at least once to replicate in the last hour"
V2	bucket	minio_bucket_replication_last_hour_failed_count	gaugeMetric	"Total number of objects which failed replication in the last hour"
V2	bucket	minio_bucket_replication_last_minute_failed_bytes	gaugeMetric	"Total number of bytes failed at least once to replicate in the last full minute"
V2	bucket	minio_bucket_replication_last_minute_failed_count	gaugeMetric	"Total number of objects which failed replication in the last full minute"
V2	bucket	minio_bucket_replication_latency_ms	histogramMetric	"Replication latency in milliseconds"
V2	bucket	minio_bucket_replication_proxied_delete_tagging_requests_failures	counterMetric	"Number of  failures in DELETE tagging proxy requests to replication target"
V2	bucket	minio_bucket_replication_proxied_delete_tagging_requests_total	counterMetric	"Number of DELETE tagging requests proxied to replication target"
V2	bucket	minio_bucket_replication_proxied_get_requests_failures	counterMetric	"Number of failures in GET requests proxied to replication target"
V2	bucket	minio_bucket_replication_proxied_get_requests_total	counterMetric	"Number of GET requests proxied to replication target"
V2	bucket	minio_bucket_replication_proxied_get_tagging_requests_failures	counterMetric	"Number of failures in GET tagging proxy requests to replication target"
V2	bucket	minio_bucket_replication_proxied_get_tagging_requests_total	counterMetric	"Number of GET tagging requests proxied to replication target"
V2	bucket	minio_bucket_replication_proxied_head_requests_failures	counterMetric	"Number of failures in HEAD requests proxied to replication target"
V2	bucket	minio_bucket_replication_proxied_head_requests_total	counterMetric	"Number of HEAD requests proxied to replication target"
V2	bucket	minio_bucket_replication_proxied_put_tagging_requests_failures	counterMetric	"Number of failures in PUT tagging proxy requests to replication target"
V2	bucket	minio_bucket_replication_proxied_put_tagging_requests_total	counterMetric	"Number of PUT tagging requests proxied to replication target"
V2	bucket	minio_bucket_replication_received_bytes	counterMetric	"Total number of bytes replicated to this bucket from another source bucket"
V2	bucket	minio_bucket_replication_received_count	gaugeMetric	"Total number of objects received by this bucket from another source bucket"
V2	bucket	minio_bucket_replication_sent_bytes	counterMetric	"Total number of bytes replicated to the target"
V2	bucket	minio_bucket_replication_sent_count	gaugeMetric	"Total number of objects replicated to the target"
V2	bucket	minio_bucket_replication_total_failed_bytes	counterMetric	"Total number of bytes failed at least once to replicate since server uptime"
V2	bucket	minio_bucket_replication_total_failed_count	counterMetric	"Total number of objects which failed replication since server uptime"
V2	bucket	minio_bucket_requests_4xx_errors_total	counterMetric	"Total number of S3 requests with (4xx) errors on a bucket"
V2	bucket	minio_bucket_requests_5xx_errors_total	counterMetric	"Total number of S3 requests with (5xx) errors on a bucket"
V2	bucket	minio_bucket_requests_canceled_total	counterMetric	"Total number of S3 requests that were canceled from the client while processing on a bucket"
V2	bucket	minio_bucket_requests_inflight_total	gaugeMetric	"Total number of S3 requests currently in flight on a bucket"
V2	bucket	minio_bucket_requests_total	counterMetric	"Total number of S3 requests on a bucket"
V2	bucket	minio_bucket_requests_ttfb_seconds_distribution	gaugeMetric	"Distribution of time to first byte across API calls per bucket"
V2	bucket	minio_bucket_traffic_received_bytes	gaugeMetric	"Total number of S3 bytes received for this bucket"
V2	bucket	minio_bucket_traffic_sent_bytes	gaugeMetric	"Total number of S3 bytes sent for this bucket"
V2	bucket	minio_bucket_usage_deletemarker_total	gaugeMetric	"Total number of delete markers"
V2	bucket	minio_bucket_usage_last_activity_nano_seconds	gaugeMetric	"Time elapsed (in nano seconds) since last scan activity"
V2	bucket	minio_bucket_usage_object_total	gaugeMetric	"Total number of objects"
V2	bucket	minio_bucket_usage_total_bytes	gaugeMetric	"Total bucket size in bytes"
V2	bucket	minio_bucket_usage_version_total	gaugeMetric	"Total number of versions (includes delete marker)"
V2	bucket	minio_s3_requests_4xx_errors_total	counterMetric	"Total number of S3 requests with (4xx) errors"
V2	bucket	minio_s3_requests_5xx_errors_total	counterMetric	"Total number of S3 requests with (5xx) errors"
V2	bucket	minio_s3_requests_canceled_total	counterMetric	"Total number of S3 requests that were canceled by the client"
V2	bucket	minio_s3_requests_errors_total	counterMetric	"Total number of S3 requests with (4xx and 5xx) errors"
V2	bucket	minio_s3_requests_incoming_total	gaugeMetric	"Total number of incoming S3 requests"
V2	bucket	minio_s3_requests_inflight_total	gaugeMetric	"Total number of S3 requests currently in flight"
V2	bucket	minio_s3_requests_rejected_auth_total	counterMetric	"Total number of S3 requests rejected for auth failure"
V2	bucket	minio_s3_requests_rejected_header_total	counterMetric	"Total number of S3 requests rejected for invalid header"
V2	bucket	minio_s3_requests_rejected_invalid_total	counterMetric	"Total number of invalid S3 requests"
V2	bucket	minio_s3_requests_rejected_timestamp_total	counterMetric	"Total number of S3 requests rejected for invalid timestamp"
V2	bucket	minio_s3_requests_total	counterMetric	"Total number of S3 requests"
V2	bucket	minio_s3_requests_waiting_total	gaugeMetric	"Total number of S3 requests in the waiting queue"
V2	cluster	minio_audit_failed_messages	counterMetric	"Total number of messages that failed to send since start"
V2	cluster	minio_audit_target_queue_length	gaugeMetric	"Number of unsent messages in queue for target"
V2	cluster	minio_audit_total_messages	counterMetric	"Total number of messages sent since start"
V2	cluster	minio_bucket_batch_expire_objects	counterMetric	"Get successfully completed batch job expireobjects"
V2	cluster	minio_bucket_batch_expire_objects_failed	counterMetric	"Get failed batch job expireobjects"
V2	cluster	minio_bucket_batch_keyrotate_objects	counterMetric	"Get successfully completed batch job keyrotateobjects"
V2	cluster	minio_bucket_batch_keyrotate_objects_failed	counterMetric	"Get failed batch job keyrotateobjects"
V2	cluster	minio_bucket_batch_replicate_objects	counterMetric	"Get successfully completed batch job replicateobjects"
V2	cluster	minio_bucket_batch_replicate_objects_failed	counterMetric	"Get failed batch job replicateobjects"
V2	cluster	minio_bucket_requests_4xx_errors_total	counterMetric	"Total number of S3 requests with (4xx) errors on a bucket"
V2	cluster	minio_bucket_requests_5xx_errors_total	counterMetric	"Total number of S3 requests with (5xx) errors on a bucket"
V2	cluster	minio_bucket_requests_canceled_total	counterMetric	"Total number of S3 requests that were canceled from the client while processing on a bucket"
V2	cluster	minio_bucket_requests_inflight_total	gaugeMetric	"Total number of S3 requests currently in flight on a bucket"
V2	cluster	minio_bucket_requests_total	counterMetric	"Total number of S3 requests on a bucket"
V2	cluster	minio_bucket_traffic_received_bytes	gaugeMetric	"Total number of S3 bytes received for this bucket"
V2	cluster	minio_bucket_traffic_sent_bytes	gaugeMetric	"Total number of S3 bytes sent for this bucket"
V2	cluster	minio_cluster_bucket_total	gaugeMetric	"Total number of buckets in the cluster"
V2	cluster	minio_cluster_capacity_raw_free_bytes	gaugeMetric	"Total free capacity online in the cluster"
V2	cluster	minio_cluster_capacity_raw_total_bytes	gaugeMetric	"Total capacity online in the cluster"
V2	cluster	minio_cluster_capacity_usable_free_bytes	gaugeMetric	"Total free usable capacity online in the cluster"
V2	cluster	minio_cluster_capacity_usable_total_bytes	gaugeMetric	"Total usable capacity online in the cluster"
V2	cluster	minio_cluster_drive_offline_total	gaugeMetric	"Total drives offline in this cluster"
V2	cluster	minio_cluster_drive_online_total	gaugeMetric	"Total drives online in this cluster"
V2	cluster	minio_cluster_drive_total	gaugeMetric	"Total drives in this cluster"
V2	cluster	minio_cluster_health_erasure_set_healing_drives	gaugeMetric	"Get the count of healing drives of this erasure set"
V2	cluster	minio_cluster_health_erasure_set_online_drives	gaugeMetric	"Get the count of the online drives in this erasure set"
V2	cluster	minio_cluster_health_erasure_set_read_quorum	gaugeMetric	"Get the read quorum for this erasure set"
V2	cluster	minio_cluster_health_erasure_set_status	gaugeMetric	"Get current health status for this erasure set"
V2	cluster	minio_cluster_health_erasure_set_write_quorum	gaugeMetric	"Get the write quorum for this erasure set"
V2	cluster	minio_cluster_health_status	gaugeMetric	"Get current cluster health status"
V2	cluster	minio_cluster_kms_online	gaugeMetric	"Reports whether the KMS is online (1) or offline (0)"
V2	cluster	minio_cluster_kms_request_error	counterMetric	"Number of KMS requests that failed due to some error. (HTTP 4xx status code)"
V2	cluster	minio_cluster_kms_request_failure	counterMetric	"Number of KMS requests that failed due to some internal failure. (HTTP 5xx status code)"
V2	cluster	minio_cluster_kms_request_success	counterMetric	"Number of KMS requests that succeeded"
V2	cluster	minio_cluster_nodes_offline_total	gaugeMetric	"Total number of MinIO nodes offline"
V2	cluster	minio_cluster_nodes_online_total	gaugeMetric	"Total number of MinIO nodes online"
V2	cluster	minio_cluster_objects_size_distribution	histogramMetric	"Distribution of object sizes across a cluster"
V2	cluster	minio_cluster_objects_version_distribution	histogramMetric	"Distribution of object versions across a cluster"
V2	cluster	minio_cluster_replication_credential_errors	counterMetric	"Total number of replication credential errors since server uptime"
V2	cluster	minio_cluster_replication_last_hour_failed_bytes	gaugeMetric	"Total number of bytes failed at least once to replicate in the last hour"
V2	cluster	minio_cluster_replication_last_hour_failed_count	gaugeMetric	"Total number of objects which failed replication in the last hour"
V2	cluster	minio_cluster_replication_last_minute_failed_bytes	gaugeMetric	"Total number of bytes failed at least once to replicate in the last full minute"
V2	cluster	minio_cluster_replication_last_minute_failed_count	gaugeMetric	"Total number of objects which failed replication in the last full minute"
V2	cluster	minio_cluster_replication_proxied_delete_tagging_requests_failures	counterMetric	"Number of  failures in DELETE tagging proxy requests to replication target"
V2	cluster	minio_cluster_replication_proxied_delete_tagging_requests_total	counterMetric	"Number of DELETE tagging requests proxied to replication target"
V2	cluster	minio_cluster_replication_proxied_get_requests_failures	counterMetric	"Number of failures in GET requests proxied to replication target"
V2	cluster	minio_cluster_replication_proxied_get_requests_total	counterMetric	"Number of GET requests proxied to replication target"
V2	cluster	minio_cluster_replication_proxied_get_tagging_requests_failures	counterMetric	"Number of failures in GET tagging proxy requests to replication target"
V2	cluster	minio_cluster_replication_proxied_get_tagging_requests_total	counterMetric	"Number of GET tagging requests proxied to replication target"
V2	cluster	minio_cluster_replication_proxied_head_requests_failures	counterMetric	"Number of failures in HEAD requests proxied to replication target"
V2	cluster	minio_cluster_replication_proxied_head_requests_total	counterMetric	"Number of HEAD requests proxied to replication target"
V2	cluster	minio_cluster_replication_proxied_put_tagging_requests_failures	counterMetric	"Number of failures in PUT tagging proxy requests to replication target"
V2	cluster	minio_cluster_replication_proxied_put_tagging_requests_total	counterMetric	"Number of PUT tagging requests proxied to replication target"
V2	cluster	minio_cluster_replication_received_bytes	counterMetric	"Total number of bytes replicated to this cluster from site replication peer"
V2	cluster	minio_cluster_replication_received_count	gaugeMetric	"Total number of objects received by this cluster"
V2	cluster	minio_cluster_replication_sent_bytes	counterMetric	"Total number of bytes replicated to the target"
V2	cluster	minio_cluster_replication_sent_count	gaugeMetric	"Total number of objects replicated to the target"
V2	cluster	minio_cluster_replication_total_failed_bytes	counterMetric	"Total number of bytes failed at least once to replicate since server uptime"
V2	cluster	minio_cluster_replication_total_failed_count	counterMetric	"Total number of objects which failed replication since server uptime"
V2	cluster	minio_cluster_usage_deletemarker_total	gaugeMetric	"Total number of delete markers in a cluster"
V2	cluster	minio_cluster_usage_object_total	gaugeMetric	"Total number of objects in a cluster"
V2	cluster	minio_cluster_usage_total_bytes	gaugeMetric	"Total cluster usage in bytes"
V2	cluster	minio_cluster_usage_version_total	gaugeMetric	"Total number of versions (includes delete marker) in a cluster"
V2	cluster	minio_cluster_webhook_failed_messages	counterMetric	"Number of messages that failed to send"
V2	cluster	minio_cluster_webhook_online	gaugeMetric	"Is the webhook online?"
V2	cluster	minio_cluster_webhook_queue_length	gaugeMetric	"Webhook queue length"
V2	cluster	minio_cluster_webhook_total_messages	counterMetric	"Total number of messages sent to this target"
V2	cluster	minio_cluster_write_quorum	gaugeMetric	"Maximum write quorum across all pools and sets"
V2	cluster	minio_heal_objects_errors_total	counterMetric	"Objects with healing failed since server uptime"
V2	cluster	minio_heal_objects_heal_total	counterMetric	"Objects healed since server uptime"
V2	cluster	minio_heal_objects_total	counterMetric	"Objects scanned since server uptime"
V2	cluster	minio_heal_time_last_activity_nano_seconds	gaugeMetric	"Time elapsed (in nano seconds) since last self healing activity"
V2	cluster	minio_inter_node_traffic_dial_avg_time	gaugeMetric	"Average time of internodes TCP dial calls"
V2	cluster	minio_inter_node_traffic_dial_errors	counterMetric	"Total number of internode TCP dial timeouts and errors"
V2	cluster	minio_inter_node_traffic_errors_total	counterMetric	"Total number of failed internode calls"
V2	cluster	minio_inter_node_traffic_received_bytes	counterMetric	"Total number of bytes received from other peer nodes"
V2	cluster	minio_inter_node_traffic_sent_bytes	counterMetric	"Total number of bytes sent to the other peer nodes"
V2	cluster	minio_lambda_active_requests		"Number of in progress requests"
V2	cluster	minio_lambda_failed_requests	counterMetric	"Total number of requests that failed to send since start"
V2	cluster	minio_lambda_total_requests	counterMetric	"Total number of requests sent since start"
V2	cluster	minio_node_file_descriptor_limit_total	gaugeMetric	"Limit on total number of open file descriptors for the MinIO Server process"
V2	cluster	minio_node_file_descriptor_open_total	gaugeMetric	"Total number of open file descriptors by the MinIO Server process"
V2	cluster	minio_node_go_routine_total	gaugeMetric	"Total number of go routines running"
V2	cluster	minio_node_iam_last_sync_duration_millis	gaugeMetric	"Last successful IAM data sync duration in milliseconds"
V2	cluster	minio_node_iam_plugin_authn_service_failed_requests_minute	gaugeMetric	"When plugin authentication is configured, returns failed requests count in the last full minute"
V2	cluster	minio_node_iam_plugin_authn_service_last_fail_seconds	gaugeMetric	"When plugin authentication is configured, returns time (in seconds) since the last failed request to the service"
V2	cluster	minio_node_iam_plugin_authn_service_last_succ_seconds	gaugeMetric	"When plugin authentication is configured, returns time (in seconds) since the last successful request to the service"
V2	cluster	minio_node_iam_plugin_authn_service_succ_avg_rtt_ms_minute	gaugeMetric	"When plugin authentication is configured, returns average round-trip-time of successful requests in the last full minute"
V2	cluster	minio_node_iam_plugin_authn_service_succ_max_rtt_ms_minute	gaugeMetric	"When plugin authentication is configured, returns maximum round-trip-time of successful requests in the last full minute"
V2	cluster	minio_node_iam_plugin_authn_service_total_requests_minute	gaugeMetric	"When plugin authentication is configured, returns total requests count in the last full minute"
V2	cluster	minio_node_iam_since_last_sync_millis	gaugeMetric	"Time (in milliseconds) since last successful IAM data sync"
V2	cluster	minio_node_iam_sync_failures	counterMetric	"Number of failed IAM data syncs since server uptime"
V2	cluster	minio_node_iam_sync_successes	counterMetric	"Number of successful IAM data syncs since server uptime"
V2	cluster	minio_node_ilm_action_count_del_marker_delete_all_versions_action	counterMetric	"Total action outcome of lifecycle checks since server uptime"
V2	cluster	minio_node_ilm_action_count_delete_action	counterMetric	"Total action outcome of lifecycle checks since server uptime"
V2	cluster	minio_node_ilm_action_count_delete_all_versions_action	counterMetric	"Total action outcome of lifecycle checks since server uptime"
V2	cluster	minio_node_ilm_action_count_delete_restored_action	counterMetric	"Total action outcome of lifecycle checks since server uptime"
V2	cluster	minio_node_ilm_action_count_delete_restored_version_action	counterMetric	"Total action outcome of lifecycle checks since server uptime"
V2	cluster	minio_node_ilm_action_count_delete_version_action	counterMetric	"Total action outcome of lifecycle checks since server uptime"
V2	cluster	minio_node_ilm_action_count_none_action	counterMetric	"Total action outcome of lifecycle checks since server uptime"
V2	cluster	minio_node_ilm_action_count_transition_action	counterMetric	"Total action outcome of lifecycle checks since server uptime"
V2	cluster	minio_node_ilm_action_count_transition_version_action	counterMetric	"Total action outcome of lifecycle checks since server uptime"
V2	cluster	minio_node_ilm_expiry_missed_freeversions	counterMetric	"Number of free versions expiry missed due to busy system"
V2	cluster	minio_node_ilm_expiry_missed_tasks	counterMetric	"Number of object version expiry missed due to busy system"
V2	cluster	minio_node_ilm_expiry_missed_tierjournal_tasks	counterMetric	"Number of tier journal entries cleanup missed due to busy system"
V2	cluster	minio_node_ilm_expiry_num_workers	gaugeMetric	"Number of workers expiring object versions currently"
V2	cluster	minio_node_ilm_expiry_pending_tasks	gaugeMetric	"Number of pending ILM expiry tasks in the queue"
V2	cluster	minio_node_ilm_transition_active_tasks	gaugeMetric	"Number of active ILM transition tasks"
V2	cluster	minio_node_ilm_transition_missed_immediate_tasks	gaugeMetric	"Number of missed immediate ILM transition tasks"
V2	cluster	minio_node_ilm_transition_pending_tasks	gaugeMetric	"Number of pending ILM transition tasks in the queue"
V2	cluster	minio_node_ilm_versions_scanned	counterMetric	"Total number of object versions checked for ilm actions since server uptime"
V2	cluster	minio_node_io_rchar_bytes	counterMetric	"Total bytes read by the process from the underlying storage system including cache, /proc/[pid]/io rchar"
V2	cluster	minio_node_io_read_bytes	counterMetric	"Total bytes read by the process from the underlying storage system, /proc/[pid]/io read_bytes"
V2	cluster	minio_node_io_wchar_bytes	counterMetric	"Total bytes written by the process to the underlying storage system including page cache, /proc/[pid]/io wchar"
V2	cluster	minio_node_io_write_bytes	counterMetric	"Total bytes written by the process to the underlying storage system, /proc/[pid]/io write_bytes"
V2	cluster	minio_node_process_cpu_total_seconds	counterMetric	"Total user and system CPU time spent in seconds"
V2	cluster	minio_node_process_resident_memory_bytes	gaugeMetric	"Resident memory size in bytes"
V2	cluster	minio_node_process_resident_memory_bytes	gaugeMetric	"Virtual memory size in bytes"
V2	cluster	minio_node_process_starttime_seconds	gaugeMetric	"Start time for MinIO process per node, time in seconds since Unix epoc"
V2	cluster	minio_node_process_uptime_seconds	gaugeMetric	"Uptime for MinIO process per node in seconds"
V2	cluster	minio_node_scanner_bucket_scans_finished	counterMetric	"Total number of bucket scans finished since server uptime"
V2	cluster	minio_node_scanner_bucket_scans_started	counterMetric	"Total number of bucket scans started since server uptime"
V2	cluster	minio_node_scanner_directories_scanned	counterMetric	"Total number of directories scanned since server uptime"
V2	cluster	minio_node_scanner_objects_scanned	counterMetric	"Total number of unique objects scanned since server uptime"
V2	cluster	minio_node_scanner_versions_scanned	counterMetric	"Total number of object versions scanned since server uptime"
V2	cluster	minio_node_syscall_read_total	counterMetric	"Total read SysCalls to the kernel. /proc/[pid]/io syscr"
V2	cluster	minio_node_syscall_write_total	counterMetric	"Total write SysCalls to the kernel. /proc/[pid]/io syscw"
V2	cluster	minio_notify_current_send_in_progress	gaugeMetric	"Number of concurrent async Send calls active to all targets (deprecated, please use 'minio_notify_target_current_send_in_progress' instead)"
V2	cluster	minio_notify_events_errors_total	counterMetric	"Events that were failed to be sent to the targets (deprecated, please use 'minio_notify_target_failed_events' instead)"
V2	cluster	minio_notify_events_sent_total	counterMetric	"Total number of events sent to the targets (deprecated, please use 'minio_notify_target_total_events' instead)"
V2	cluster	minio_notify_events_skipped_total	counterMetric	"Events that were skipped to be sent to the targets due to the in-memory queue being full"
V2	cluster	minio_notify_target_current_send_in_progress	gaugeMetric	"Number of concurrent async Send calls active to the target"
V2	cluster	minio_notify_target_failed_events	counterMetric	"Number of events failed to be sent (or) queued to the target"
V2	cluster	minio_notify_target_queue_length	gaugeMetric	"Number of events currently staged in the queue_dir configured for the target"
V2	cluster	minio_notify_target_total_events	counterMetric	"Total number of events sent (or) queued to the target"
V2	cluster	minio_s3_requests_4xx_errors_total	counterMetric	"Total number of S3 requests with (4xx) errors"
V2	cluster	minio_s3_requests_5xx_errors_total	counterMetric	"Total number of S3 requests with (5xx) errors"
V2	cluster	minio_s3_requests_canceled_total	counterMetric	"Total number of S3 requests that were canceled by the client"
V2	cluster	minio_s3_requests_errors_total	counterMetric	"Total number of S3 requests with (4xx and 5xx) errors"
V2	cluster	minio_s3_requests_incoming_total	gaugeMetric	"Total number of incoming S3 requests"
V2	cluster	minio_s3_requests_inflight_total	gaugeMetric	"Total number of S3 requests currently in flight"
V2	cluster	minio_s3_requests_rejected_auth_total	counterMetric	"Total number of S3 requests rejected for auth failure"
V2	cluster	minio_s3_requests_rejected_header_total	counterMetric	"Total number of S3 requests rejected for invalid header"
V2	cluster	minio_s3_requests_rejected_invalid_total	counterMetric	"Total number of invalid S3 requests"
V2	cluster	minio_s3_requests_rejected_timestamp_total	counterMetric	"Total number of S3 requests rejected for invalid timestamp"
V2	cluster	minio_s3_requests_total	counterMetric	"Total number of S3 requests"
V2	cluster	minio_s3_requests_ttfb_seconds_distribution	gaugeMetric	"Distribution of time to first byte across API calls"
V2	cluster	minio_s3_requests_waiting_total	gaugeMetric	"Total number of S3 requests in the waiting queue"
V2	cluster	minio_s3_traffic_received_bytes	counterMetric	"Total number of s3 bytes received"
V2	cluster	minio_s3_traffic_sent_bytes	counterMetric	"Total number of s3 bytes sent"
V2	cluster	minio_software_commit_info	gaugeMetric	"Git commit hash for the MinIO release"
V2	cluster	minio_software_version_info	gaugeMetric	"MinIO Release tag for the server"
V2	cluster	minio_usage_last_activity_nano_seconds	gaugeMetric	"Time elapsed (in nano seconds) since last scan activity"
V2	node	minio_audit_failed_messages	counterMetric	"Total number of messages that failed to send since start"
V2	node	minio_audit_target_queue_length	gaugeMetric	"Number of unsent messages in queue for target"
V2	node	minio_audit_total_messages	counterMetric	"Total number of messages sent since start"
V2	node	minio_bucket_requests_4xx_errors_total	counterMetric	"Total number of S3 requests with (4xx) errors on a bucket"
V2	node	minio_bucket_requests_5xx_errors_total	counterMetric	"Total number of S3 requests with (5xx) errors on a bucket"
V2	node	minio_bucket_requests_canceled_total	counterMetric	"Total number of S3 requests that were canceled from the client while processing on a bucket"
V2	node	minio_bucket_requests_inflight_total	gaugeMetric	"Total number of S3 requests currently in flight on a bucket"
V2	node	minio_bucket_requests_total	counterMetric	"Total number of S3 requests on a bucket"
V2	node	minio_bucket_traffic_received_bytes	gaugeMetric	"Total number of S3 bytes received for this bucket"
V2	node	minio_bucket_traffic_sent_bytes	gaugeMetric	"Total number of S3 bytes sent for this bucket"
V2	node	minio_cluster_nodes_offline_total	gaugeMetric	"Total number of MinIO nodes offline"
V2	node	minio_cluster_nodes_online_total	gaugeMetric	"Total number of MinIO nodes online"
V2	node	minio_inter_node_traffic_dial_avg_time	gaugeMetric	"Average time of internodes TCP dial calls"
V2	node	minio_inter_node_traffic_dial_errors	counterMetric	"Total number of internode TCP dial timeouts and errors"
V2	node	minio_inter_node_traffic_errors_total	counterMetric	"Total number of failed internode calls"
V2	node	minio_inter_node_traffic_received_bytes	counterMetric	"Total number of bytes received from other peer nodes"
V2	node	minio_inter_node_traffic_sent_bytes	counterMetric	"Total number of bytes sent to the other peer nodes"
V2	node	minio_lambda_active_requests		"Number of in progress requests"
V2	node	minio_lambda_failed_requests	counterMetric	"Total number of requests that failed to send since start"
V2	node	minio_lambda_total_requests	counterMetric	"Total number of requests sent since start"
V2	node	minio_locks_read_total	gaugeMetric	"Number of current READ locks on this peer"
V2	node	minio_locks_total	gaugeMetric	"Number of current locks on this peer"
V2	node	minio_locks_write_total	gaugeMetric	"Number of current WRITE locks on this peer"
V2	node	minio_node_drive_errors_availability	counterMetric	"Total number of drive I/O errors, timeouts since server uptime"
V2	node	minio_node_drive_errors_ioerror	counterMetric	"Total number of drive I/O errors since server uptime"
V2	node	minio_node_drive_errors_timeout	counterMetric	"Total number of drive timeout errors since server uptime"
V2	node	minio_node_drive_free_bytes	gaugeMetric	"Total storage available on a drive"
V2	node	minio_node_drive_free_inodes	gaugeMetric	"Free inodes on a drive"
V2	node	minio_node_drive_io_waiting	counterMetric	"Total number I/O operations waiting on drive"
V2	node	minio_node_drive_latency_us	gaugeMetric	"Average last minute latency in µs for drive API storage operations"
V2	node	minio_node_drive_offline_total	gaugeMetric	"Total drives offline in this node"
V2	node	minio_node_drive_online_total	gaugeMetric	"Total drives online in this node"
V2	node	minio_node_drive_total	gaugeMetric	"Total drives in this node"
V2	node	minio_node_drive_total_bytes	gaugeMetric	"Total storage on a drive"
V2	node	minio_node_drive_used_bytes	gaugeMetric	"Total storage used on a drive"
V2	node	minio_node_iam_last_sync_duration_millis	gaugeMetric	"Last successful IAM data sync duration in milliseconds"
V2	node	minio_node_iam_plugin_authn_service_failed_requests_minute	gaugeMetric	"When plugin authentication is configured, returns failed requests count in the last full minute"
V2	node	minio_node_iam_plugin_authn_service_last_fail_seconds	gaugeMetric	"When plugin authentication is configured, returns time (in seconds) since the last failed request to the service"
V2	node	minio_node_iam_plugin_authn_service_last_succ_seconds	gaugeMetric	"When plugin authentication is configured, returns time (in seconds) since the last successful request to the service"
V2	node	minio_node_iam_plugin_authn_service_succ_avg_rtt_ms_minute	gaugeMetric	"When plugin authentication is configured, returns average round-trip-time of successful requests in the last full minute"
V2	node	minio_node_iam_plugin_authn_service_succ_max_rtt_ms_minute	gaugeMetric	"When plugin authentication is configured, returns maximum round-trip-time of successful requests in the last full minute"
V2	node	minio_node_iam_plugin_authn_service_total_requests_minute	gaugeMetric	"When plugin authentication is configured, returns total requests count in the last full minute"
V2	node	minio_node_iam_since_last_sync_millis	gaugeMetric	"Time (in milliseconds) since last successful IAM data sync"
V2	node	minio_node_iam_sync_failures	counterMetric	"Number of failed IAM data syncs since server uptime"
V2	node	minio_node_iam_sync_successes	counterMetric	"Number of successful IAM data syncs since server uptime"
V2	node	minio_node_replication_average_active_workers	gaugeMetric	"Average number of active replication workers"
V2	node	minio_node_replication_average_link_latency_ms	gaugeMetric	"Average replication link latency in milliseconds"
V2	node	minio_node_replication_average_queued_bytes	gaugeMetric	"Average number of bytes queued for replication since server uptime"
V2	node	minio_node_replication_average_queued_count	gaugeMetric	"Average number of objects queued for replication since server uptime"
V2	node	minio_node_replication_average_transfer_rate	gaugeMetric	"Average replication transfer rate in bytes/sec"
V2	node	minio_node_replication_current_active_workers	gaugeMetric	"Total number of active replication workers"
V2	node	minio_node_replication_current_link_latency_ms	gaugeMetric	"Replication current link latency in milliseconds"
V2	node	minio_node_replication_current_transfer_rate	gaugeMetric	"Current replication transfer rate in bytes/sec"
V2	node	minio_node_replication_last_minute_queued_bytes	gaugeMetric	"Total number of bytes queued for replication in the last full minute"
V2	node	minio_node_replication_last_minute_queued_count	gaugeMetric	"Total number of objects queued for replication in the last full minute"
V2	node	minio_node_replication_link_downtime_duration_seconds	gaugeMetric	"Total downtime of replication link in seconds since server uptime"
V2	node	minio_node_replication_link_offline_duration_seconds	gaugeMetric	"Duration of replication link being offline in seconds since last offline event"
V2	node	minio_node_replication_link_online	gaugeMetric	"Reports whether replication link is online (1) or offline(0)"
V2	node	minio_node_replication_max_active_workers	gaugeMetric	"Maximum number of active replication workers seen since server uptime"
V2	node	minio_node_replication_max_link_latency_ms	gaugeMetric	"Maximum replication link latency in milliseconds seen since server uptime"
V2	node	minio_node_replication_max_queued_bytes	gaugeMetric	"Maximum number of bytes queued for replication since server uptime"
V2	node	minio_node_replication_max_queued_count	gaugeMetric	"Maximum number of objects queued for replication since server uptime"
V2	node	minio_node_replication_max_transfer_rate	gaugeMetric	"Maximum replication transfer rate in bytes/sec seen since server uptime"
V2	node	minio_node_replication_recent_backlog_count	gaugeMetric	"Total number of objects seen in replication backlog in the last 5 minutes"
V2	node	minio_node_storage_class_rrs_parity	gaugeMetric	"reduced redundancy storage class parity"
V2	node	minio_node_storage_class_standard_parity	gaugeMetric	"standard storage class parity"
V2	node	minio_notify_current_send_in_progress	gaugeMetric	"Number of concurrent async Send calls active to all targets (deprecated, please use 'minio_notify_target_current_send_in_progress' instead)"
V2	node	minio_notify_events_errors_total	counterMetric	"Events that were failed to be sent to the targets (deprecated, please use 'minio_notify_target_failed_events' instead)"
V2	node	minio_notify_events_sent_total	counterMetric	"Total number of events sent to the targets (deprecated, please use 'minio_notify_target_total_events' instead)"
V2	node	minio_notify_events_skipped_total	counterMetric	"Events that were skipped to be sent to the targets due to the in-memory queue being full"
V2	node	minio_notify_target_current_send_in_progress	gaugeMetric	"Number of concurrent async Send calls active to the target"
V2	node	minio_notify_target_failed_events	counterMetric	"Number of events failed to be sent (or) queued to the target"
V2	node	minio_notify_target_queue_length	gaugeMetric	"Number of events currently staged in the queue_dir configured for the target"
V2	node	minio_notify_target_total_events	counterMetric	"Total number of events sent (or) queued to the target"
V2	node	minio_s3_requests_4xx_errors_total	counterMetric	"Total number of S3 requests with (4xx) errors"
V2	node	minio_s3_requests_5xx_errors_total	counterMetric	"Total number of S3 requests with (5xx) errors"
V2	node	minio_s3_requests_canceled_total	counterMetric	"Total number of S3 requests that were canceled by the client"
V2	node	minio_s3_requests_errors_total	counterMetric	"Total number of S3 requests with (4xx and 5xx) errors"
V2	node	minio_s3_requests_incoming_total	gaugeMetric	"Total number of incoming S3 requests"
V2	node	minio_s3_requests_inflight_total	gaugeMetric	"Total number of S3 requests currently in flight"
V2	node	minio_s3_requests_rejected_auth_total	counterMetric	"Total number of S3 requests rejected for auth failure"
V2	node	minio_s3_requests_rejected_header_total	counterMetric	"Total number of S3 requests rejected for invalid header"
V2	node	minio_s3_requests_rejected_invalid_total	counterMetric	"Total number of invalid S3 requests"
V2	node	minio_s3_requests_rejected_timestamp_total	counterMetric	"Total number of S3 requests rejected for invalid timestamp"
V2	node	minio_s3_requests_total	counterMetric	"Total number of S3 requests"
V2	node	minio_s3_requests_ttfb_seconds_distribution	gaugeMetric	"Distribution of time to first byte across API calls"
V2	node	minio_s3_requests_waiting_total	gaugeMetric	"Total number of S3 requests in the waiting queue"
V2	node	minio_s3_traffic_received_bytes	counterMetric	"Total number of s3 bytes received"
V2	node	minio_s3_traffic_sent_bytes	counterMetric	"Total number of s3 bytes sent"
V2	node	minio_software_commit_info	gaugeMetric	"Git commit hash for the MinIO release"
V2	node	minio_software_version_info	gaugeMetric	"MinIO Release tag for the server"
V3	/api/requests	minio_api_requests_4xx_errors_total	counter	"Total number of requests with 4xx errors"	name,type
V3	/api/requests	minio_api_requests_5xx_errors_total	counter	"Total number of requests with 5xx errors"	name,type
V3	/api/requests	minio_api_requests_canceled_total	counter	"Total number of requests canceled by the client"	name,type
V3	/api/requests	minio_api_requests_errors_total	counter	"Total number of requests with (4xx and 5xx) errors"	name,type
V3	/api/requests	minio_api_requests_incoming_total	gauge	"Total number of incoming requests"	type
V3	/api/requests	minio_api_requests_inflight_total	gauge	"Total number of requests currently in flight"	name,type
V3	/api/requests	minio_api_requests_rejected_auth_total	counter	"Total number of requests rejected for auth failure"	type
V3	/api/requests	minio_api_requests_rejected_header_total	counter	"Total number of requests rejected for invalid header"	type
V3	/api/requests	minio_api_requests_rejected_invalid_total	counter	"Total number of invalid requests"	type
V3	/api/requests	minio_api_requests_rejected_timestamp_total	counter	"Total number of requests rejected for invalid timestamp"	type
V3	/api/requests	minio_api_requests_total	counter	"Total number of requests"	name,type
V3	/api/requests	minio_api_requests_traffic_received_bytes	counter	"Total number of bytes received"	type
V3	/api/requests	minio_api_requests_traffic_sent_bytes	counter	"Total number of bytes sent"	type
V3	/api/requests	minio_api_requests_ttfb_seconds_distribution	counter	"Distribution of time to first byte across API calls"	name,type,le
V3	/api/requests	minio_api_requests_waiting_total	gauge	"Total number of requests in the waiting queue"	type
V3	/audit	minio_audit_failed_messages	counter	"Total number of messages that failed to send since start"	target_id
V3	/audit	minio_audit_target_queue_length	gauge	"Number of unsent messages in queue for target"	target_id
V3	/audit	minio_audit_total_messages	counter	"Total number of messages sent since start"	target_id
V3	/bucket/api	minio_bucket_api_4xx_errors_total	counter	"Total number of requests with 4xx errors for a bucket"	bucket,name,type
V3	/bucket/api	minio_bucket_api_5xx_errors_total	counter	"Total number of requests with 5xx errors for a bucket"	bucket,name,type
V3	/bucket/api	minio_bucket_api_canceled_total	counter	"Total number of requests canceled by the client for a bucket"	bucket,name,type
V3	/bucket/api	minio_bucket_api_inflight_total	gauge	"Total number of requests currently in flight for a bucket"	bucket,name,type
V3	/bucket/api	minio_bucket_api_total	counter	"Total number of requests for a bucket"	bucket,name,type
V3	/bucket/api	minio_bucket_api_traffic_received_bytes	counter	"Total number of bytes sent for a bucket"	bucket,type
V3	/bucket/api	minio_bucket_api_traffic_sent_bytes	counter	"Total number of bytes received for a bucket"	bucket,type
V3	/bucket/api	minio_bucket_api_ttfb_seconds_distribution	counter	"Distribution of time to first byte across API calls for a bucket"	bucket,name,le,type
V3	/bucket/replication	minio_bucket_replication_last_hour_failed_bytes	gauge	"Total number of bytes failed at least once to replicate in the last hour on a bucket"	bucket,targetArn
V3	/bucket/replication	minio_bucket_replication_last_hour_failed_count	gauge	"Total number of objects which failed replication in the last hour on a bucket"	bucket,targetArn
V3	/bucket/replication	minio_bucket_replication_last_minute_failed_bytes	gauge	"Total number of bytes failed at least once to replicate in the last full minute on a bucket"	bucket,targetArn
V3	/bucket/replication	minio_bucket_replication_last_minute_failed_count	gauge	"Total number of objects which failed replication in the last full minute on a bucket"	bucket,targetArn
V3	/bucket/replication	minio_bucket_replication_latency_ms	gauge	"Replication latency on a bucket in milliseconds"	bucket,operation,range,targetArn
V3	/bucket/replication	minio_bucket_replication_proxied_delete_tagging_requests_failures	counter	"Number of failures in DELETE tagging requests proxied to replication target"	bucket,targetArn
V3	/bucket/replication	minio_bucket_replication_proxied_delete_tagging_requests_total	counter	"Number of DELETE tagging requests proxied to replication target"	bucket,targetArn
V3	/bucket/replication	minio_bucket_replication_proxied_get_requests_failures	counter	"Number of failures in GET requests proxied to replication target"	bucket,targetArn
V3	/bucket/replication	minio_bucket_replication_proxied_get_requests_total	counter	"Number of GET requests proxied to replication target"	bucket,targetArn
V3	/bucket/replication	minio_bucket_replication_proxied_get_tagging_requests_failures	counter	"Number of failures in GET tagging requests proxied to replication target"	bucket,targetArn
V3	/bucket/replication	minio_bucket_replication_proxied_get_tagging_requests_total	counter	"Number of GET tagging requests proxied to replication target"	bucket,targetArn
V3	/bucket/replication	minio_bucket_replication_proxied_head_requests_failures	counter	"Number of failures in HEAD requests proxied to replication target"	bucket,targetArn
V3	/bucket/replication	minio_bucket_replication_proxied_head_requests_total	counter	"Number of HEAD requests proxied to replication target"	bucket,targetArn
V3	/bucket/replication	minio_bucket_replication_proxied_put_tagging_requests_failures	counter	"Number of failures in PUT tagging requests proxied to replication target"	bucket,targetArn
V3	/bucket/replication	minio_bucket_replication_proxied_put_tagging_requests_total	counter	"Number of PUT tagging requests proxied to replication target"	bucket,targetArn
V3	/bucket/replication	minio_bucket_replication_sent_bytes	counter	"Total number of bytes replicated to the target"	bucket,targetArn
V3	/bucket/replication	minio_bucket_replication_sent_count	counter	"Total number of objects replicated to the target"	bucket,targetArn
V3	/bucket/replication	minio_bucket_replication_total_failed_bytes	counter	"Total number of bytes failed at least once to replicate since server start"	bucket,targetArn
V3	/bucket/replication	minio_bucket_replication_total_failed_count	counter	"Total number of objects which failed replication since server start"	bucket,targetArn
V3	/cluster/config	minio_cluster_config_rrs_parity	gauge	"Reduced redundancy storage class parity"	
V3	/cluster/config	minio_cluster_config_standard_parity	gauge	"Standard storage class parity"	
V3	/cluster/erasure-set	minio_cluster_erasure_set_healing_drives_count	gauge	"Count of healing drives in the erasure set in a pool"	pool_id,set_id
V3	/cluster/erasure-set	minio_cluster_erasure_set_health	gauge	"Health of the erasure set in a pool (1=healthy, 0=unhealthy)"	pool_id,set_id
V3	/cluster/erasure-set	minio_cluster_erasure_set_online_drives_count	gauge	"Count of online drives in the erasure set in a pool"	pool_id,set_id
V3	/cluster/erasure-set	minio_cluster_erasure_set_overall_health	gauge	"Overall health across pools and sets (1=healthy, 0=unhealthy)"	
V3	/cluster/erasure-set	minio_cluster_erasure_set_overall_write_quorum	gauge	"Overall write quorum across pools and sets"	
V3	/cluster/erasure-set	minio_cluster_erasure_set_read_health	gauge	"Health of the erasure set in a pool for read operations (1=healthy, 0=unhealthy)"	pool_id,set_id
V3	/cluster/erasure-set	minio_cluster_erasure_set_read_quorum	gauge	"Read quorum for the erasure set in a pool"	pool_id,set_id
V3	/cluster/erasure-set	minio_cluster_erasure_set_read_tolerance	gauge	"No of drive failures that can be tolerated without disrupting read operations"	pool_id,set_id
V3	/cluster/erasure-set	minio_cluster_erasure_set_write_health	gauge	"Health of the erasure set in a pool for write operations (1=healthy, 0=unhealthy)"	pool_id,set_id
V3	/cluster/erasure-set	minio_cluster_erasure_set_write_quorum	gauge	"Write quorum for the erasure set in a pool"	pool_id,set_id
V3	/cluster/erasure-set	minio_cluster_erasure_set_write_tolerance	gauge	"No of drive failures that can be tolerated without disrupting write operations"	pool_id,set_id
V3	/cluster/health	minio_cluster_health_capacity_raw_free_bytes	gauge	"Total cluster raw storage free in bytes"	
V3	/cluster/health	minio_cluster_health_capacity_raw_total_bytes	gauge	"Total cluster raw storage capacity in bytes"	
V3	/cluster/health	minio_cluster_health_capacity_usable_free_bytes	gauge	"Total cluster usable storage free in bytes"	
V3	/cluster/health	minio_cluster_health_capacity_usable_total_bytes	gauge	"Total cluster usable storage capacity in bytes"	
V3	/cluster/health	minio_cluster_health_drives_count	gauge	"Count of all drives in the cluster"	
V3	/cluster/health	minio_cluster_health_drives_offline_count	gauge	"Count of offline drives in the cluster"	
V3	/cluster/health	minio_cluster_health_drives_online_count	gauge	"Count of online drives in the cluster"	
V3	/cluster/health	minio_cluster_health_nodes_offline_count	gauge	"Count of offline nodes in the cluster"	
V3	/cluster/health	minio_cluster_health_nodes_online_count	gauge	"Count of online nodes in the cluster"	
V3	/cluster/iam	minio_cluster_iam_last_sync_duration_millis	counter	"Last successful IAM data sync duration in milliseconds"	
V3	/cluster/iam	minio_cluster_iam_plugin_authn_service_failed_requests_minute	counter	"When plugin authentication is configured, returns failed requests count in the last full minute"	
V3	/cluster/iam	minio_cluster_iam_plugin_authn_service_last_fail_seconds	counter	"When plugin authentication is configured, returns time (in seconds) since the last failed request to the service"	
V3	/cluster/iam	minio_cluster_iam_plugin_authn_service_last_succ_seconds	counter	"When plugin authentication is configured, returns time (in seconds) since the last successful request to the service"	
V3	/cluster/iam	minio_cluster_iam_plugin_authn_service_succ_avg_rtt_ms_minute	counter	"When plugin authentication is configured, returns average round-trip-time of successful requests in the last full minute"	
V3	/cluster/iam	minio_cluster_iam_plugin_authn_service_succ_max_rtt_ms_minute	counter	"When plugin authentication is configured, returns maximum round-trip-time of successful requests in the last full minute"	
V3	/cluster/iam	minio_cluster_iam_plugin_authn_service_total_requests_minute	counter	"When plugin authentication is configured, returns total requests count in the last full minute"	
V3	/cluster/iam	minio_cluster_iam_since_last_sync_millis	counter	"Time (in milliseconds) since last successful IAM data sync."	
V3	/cluster/iam	minio_cluster_iam_sync_failures	counter	"Number of failed IAM data syncs since server start."	
V3	/cluster/iam	minio_cluster_iam_sync_successes	counter	"Number of successful IAM data syncs since server start."	
V3	/cluster/usage/buckets	minio_cluster_usage_buckets_delete_markers_count	gauge	"Total delete markers count in bucket"	bucket
V3	/cluster/usage/buckets	minio_cluster_usage_buckets_object_size_distribution	gauge	"Bucket object size distribution"	range,bucket
V3	/cluster/usage/buckets	minio_cluster_usage_buckets_object_version_count_distribution	gauge	"Bucket object version count distribution"	range,bucket
V3	/cluster/usage/buckets	minio_cluster_usage_buckets_objects_count	gauge	"Total objects count in bucket"	bucket
V3	/cluster/usage/buckets	minio_cluster_usage_buckets_quota_total_bytes	gauge	"Total bucket quota in bytes"	bucket
V3	/cluster/usage/buckets	minio_cluster_usage_buckets_since_last_update_seconds	gauge	"Time since last update of usage metrics in seconds"	
V3	/cluster/usage/buckets	minio_cluster_usage_buckets_total_bytes	gauge	"Total bucket size in bytes"	bucket
V3	/cluster/usage/buckets	minio_cluster_usage_buckets_versions_count	gauge	"Total object versions (including delete markers) count in bucket"	bucket
V3	/cluster/usage/objects	minio_cluster_usage_objects_buckets_count	gauge	"Total cluster buckets count"	
V3	/cluster/usage/objects	minio_cluster_usage_objects_count	gauge	"Total cluster objects count"	
V3	/cluster/usage/objects	minio_cluster_usage_objects_delete_markers_count	gauge	"Total cluster delete markers count"	
V3	/cluster/usage/objects	minio_cluster_usage_objects_since_last_update_seconds	gauge	"Time since last update of usage metrics in seconds"	
V3	/cluster/usage/objects	minio_cluster_usage_objects_size_distribution	gauge	"Cluster object size distribution"	range
V3	/cluster/usage/objects	minio_cluster_usage_objects_total_bytes	gauge	"Total cluster usage in bytes"	
V3	/cluster/usage/objects	minio_cluster_usage_objects_version_count_distribution	gauge	"Cluster object version count distribution"	range
V3	/cluster/usage/objects	minio_cluster_usage_objects_versions_count	gauge	"Total cluster object versions (including delete markers) count"	
V3	/ilm	minio_ilm_expiry_pending_tasks	gauge	"Number of pending ILM expiry tasks in the queue"	
V3	/ilm	minio_ilm_transition_active_tasks	gauge	"Number of active ILM transition tasks"	
V3	/ilm	minio_ilm_transition_missed_immediate_tasks	counter	"Number of missed immediate ILM transition tasks"	
V3	/ilm	minio_ilm_transition_pending_tasks	gauge	"Number of pending ILM transition tasks in the queue"	
V3	/ilm	minio_ilm_versions_scanned	counter	"Total number of object versions checked for ILM actions since server start"	
V3	/logger/webhook	minio_logger_webhook_failed_messages	counter	"Number of messages that failed to send"	name,endpoint
V3	/logger/webhook	minio_logger_webhook_queue_length	gauge	"Webhook queue length"	name,endpoint
V3	/logger/webhook	minio_logger_webhook_total_messages	counter	"Total number of messages sent to this target"	name,endpoint
V3	/notification	minio_notification_current_send_in_progress	counter	"Number of concurrent async Send calls active to all targets"	
V3	/notification	minio_notification_events_errors_total	counter	"Events that were failed to be sent to the targets"	
V3	/notification	minio_notification_events_sent_total	counter	"Total number of events sent to the targets"	
V3	/notification	minio_notification_events_skipped_total	counter	"Events that were skipped to be sent to the targets due to the in-memory queue being full"	
V3	/replication	minio_replication_average_active_workers	gauge	"Average number of active replication workers"	
V3	/replication	minio_replication_average_data_transfer_rate	gauge	"Average replication data transfer rate in bytes/sec"	
V3	/replication	minio_replication_average_queued_bytes	gauge	"Average number of bytes queued for replication since server start"	
V3	/replication	minio_replication_average_queued_count	gauge	"Average number of objects queued for replication since server start"	
V3	/replication	minio_replication_current_active_workers	gauge	"Total number of active replication workers"	
V3	/replication	minio_replication_current_data_transfer_rate	gauge	"Current replication data transfer rate in bytes/sec"	
V3	/replication	minio_replication_last_minute_queued_bytes	gauge	"Number of bytes queued for replication in the last full minute"	
V3	/replication	minio_replication_last_minute_queued_count	gauge	"Number of objects queued for replication in the last full minute"	
V3	/replication	minio_replication_max_active_workers	gauge	"Maximum number of active replication workers seen since server start"	
V3	/replication	minio_replication_max_data_transfer_rate	gauge	"Maximum replication data transfer rate in bytes/sec seen since server start"	
V3	/replication	minio_replication_max_queued_bytes	gauge	"Maximum number of bytes queued for replication since server start"	
V3	/replication	minio_replication_max_queued_count	gauge	"Maximum number of objects queued for replication since server start"	
V3	/replication	minio_replication_recent_backlog_count	gauge	"Total number of objects seen in replication backlog in the last 5 minutes"	
V3	/scanner	minio_scanner_bucket_scans_finished	counter	"Total number of bucket scans finished since server start"	
V3	/scanner	minio_scanner_bucket_scans_started	counter	"Total number of bucket scans started since server start"	
V3	/scanner	minio_scanner_directories_scanned	counter	"Total number of directories scanned since server start"	
V3	/scanner	minio_scanner_last_activity_seconds	gauge	"Time elapsed (in seconds) since last scan activity."	
V3	/scanner	minio_scanner_objects_scanned	counter	"Total number of unique objects scanned since server start"	
V3	/scanner	minio_scanner_versions_scanned	counter	"Total number of object versions scanned since server start"	
V3	/system/cpu	minio_system_cpu_avg_idle	gauge	"Average CPU idle time"	
V3	/system/cpu	minio_system_cpu_avg_iowait	gauge	"Average CPU IOWait time"	
V3	/system/cpu	minio_system_cpu_load	gauge	"CPU load average 1min"	
V3	/system/cpu	minio_system_cpu_load_perc	gauge	"CPU load average 1min (percentage)"	
V3	/system/cpu	minio_system_cpu_nice	gauge	"CPU nice time"	
V3	/system/cpu	minio_system_cpu_steal	gauge	"CPU steal time"	
V3	/system/cpu	minio_system_cpu_system	gauge	"CPU system time"	
V3	/system/cpu	minio_system_cpu_user	gauge	"CPU user time"	
V3	/system/drive	minio_system_drive_api_latency_micros	gauge	"Average last minute latency in µs for drive API storage operations"	drive,pool_index,set_index,drive_index,api
V3	/system/drive	minio_system_drive_availability_errors_total	counter	"Total availability errors (I/O errors, timeouts) on a drive"	drive,pool_index,set_index,drive_index
V3	/system/drive	minio_system_drive_count	gauge	"Count of all drives"	
V3	/system/drive	minio_system_drive_free_bytes	gauge	"Total storage free on a drive in bytes"	drive,pool_index,set_index,drive_index
V3	/system/drive	minio_system_drive_free_inodes	gauge	"Total free inodes on a drive"	drive,pool_index,set_index,drive_index
V3	/system/drive	minio_system_drive_health	gauge	"Drive health (0 = offline, 1 = healthy, 2 = healing)"	drive,pool_index,set_index,drive_index
V3	/system/drive	minio_system_drive_io_errors_total	counter	"Total I/O errors on a drive"	drive,pool_index,set_index,drive_index
V3	/system/drive	minio_system_drive_offline_count	gauge	"Count of offline drives"	
V3	/system/drive	minio_system_drive_online_count	gauge	"Count of online drives"	
V3	/system/drive	minio_system_drive_perc_util	gauge	"Percentage of time the disk was busy"	drive,pool_index,set_index,drive_index
V3	/system/drive	minio_system_drive_reads_await	gauge	"Average time for read requests served on a drive"	drive,pool_index,set_index,drive_index
V3	/system/drive	minio_system_drive_reads_kb_per_sec	gauge	"Kilobytes read per second on a drive"	drive,pool_index,set_index,drive_index
V3	/system/drive	minio_system_drive_reads_per_sec	gauge	"Reads per second on a drive"	drive,pool_index,set_index,drive_index
V3	/system/drive	minio_system_drive_timeout_errors_total	counter	"Total timeout errors on a drive"	drive,pool_index,set_index,drive_index
V3	/system/drive	minio_system_drive_total_bytes	gauge	"Total storage available on a drive in bytes"	drive,pool_index,set_index,drive_index
V3	/system/drive	minio_system_drive_total_inodes	gauge	"Total inodes available on a drive"	drive,pool_index,set_index,drive_index
V3	/system/drive	minio_system_drive_used_bytes	gauge	"Total storage used on a drive in bytes"	drive,pool_index,set_index,drive_index
V3	/system/drive	minio_system_drive_used_inodes	gauge	"Total used inodes on a drive"	drive,pool_index,set_index,drive_index
V3	/system/drive	minio_system_drive_waiting_io	gauge	"Total waiting I/O operations on a drive"	drive,pool_index,set_index,drive_index
V3	/system/drive	minio_system_drive_writes_await	gauge	"Average time for write requests served on a drive"	drive,pool_index,set_index,drive_index
V3	/system/drive	minio_system_drive_writes_kb_per_sec	gauge	"Kilobytes written per second on a drive"	drive,pool_index,set_index,drive_index
V3	/system/drive	minio_system_drive_writes_per_sec	gauge	"Writes per second on a drive"	drive,pool_index,set_index,drive_index
V3	/system/memory	minio_system_memory_available	gauge	"Available memory on the node"	
V3	/system/memory	minio_system_memory_buffers	gauge	"Buffers memory on the node"	
V3	/system/memory	minio_system_memory_cache	gauge	"Cache memory on the node"	
V3	/system/memory	minio_system_memory_free	gauge	"Free memory on the node"	
V3	/system/memory	minio_system_memory_shared	gauge	"Shared memory on the node"	
V3	/system/memory	minio_system_memory_total	gauge	"Total memory on the node"	
V3	/system/memory	minio_system_memory_used	gauge	"Used memory on the node"	
V3	/system/memory	minio_system_memory_used_perc	gauge	"Used memory percentage on the node"	
V3	/system/network/internode	minio_system_network_internode_dial_avg_time_nanos	gauge	"Average dial time of internode TCP calls in nanoseconds"	
V3	/system/network/internode	minio_system_network_internode_dial_errors_total	counter	"Total number of internode TCP dial timeouts and errors"	
V3	/system/network/internode	minio_system_network_internode_errors_total	counter	"Total number of failed internode calls"	
V3	/system/network/internode	minio_system_network_internode_recv_bytes_total	counter	"Total number of bytes received from other peer nodes"	
V3	/system/network/internode	minio_system_network_internode_sent_bytes_total	counter	"Total number of bytes sent to other peer nodes"	
V3	/system/process	minio_system_process_cpu_total_seconds	counter	"Total user and system CPU time spent in seconds"	
V3	/system/process	minio_system_process_file_descriptor_limit_total	gauge	"Limit on total number of open file descriptors for the MinIO Server process"	
V3	/system/process	minio_system_process_file_descriptor_open_total	gauge	"Total number of open file descriptors by the MinIO Server process"	
V3	/system/process	minio_system_process_go_routine_total	gauge	"Total number of go routines running"	
V3	/system/process	minio_system_process_io_rchar_bytes	counter	"Total bytes read by the process from the underlying storage system including cache, /proc/[pid]/io rchar"	
V3	/system/process	minio_system_process_io_read_bytes	counter	"Total bytes read by the process from the underlying storage system, /proc/[pid]/io read_bytes"	
V3	/system/process	minio_system_process_io_wchar_bytes	counter	"Total bytes written by the process to the underlying storage system including page cache, /proc/[pid]/io wchar"	
V3	/system/process	minio_system_process_io_write_bytes	counter	"Total bytes written by the process to the underlying storage system, /proc/[pid]/io write_bytes"	
V3	/system/process	minio_system_process_locks_read_total	gauge	"Number of current READ locks on this peer"	
V3	/system/process	minio_system_process_locks_write_total	gauge	"Number of current WRITE locks on this peer"	
V3	/system/process	minio_system_process_resident_memory_bytes	gauge	"Resident memory size in bytes"	
V3	/system/process	minio_system_process_start_time_seconds	gauge	"Start time for MinIO process in seconds since Unix epoc"	
V3	/system/process	minio_system_process_syscall_read_total	counter	"Total read SysCalls to the kernel. /proc/[pid]/io syscr"	
V3	/system/process	minio_system_process_syscall_write_total	counter	"Total write SysCalls to the kernel. /proc/[pid]/io syscw"	
V3	/system/process	minio_system_process_uptime_seconds	gauge	"Uptime for MinIO process in seconds"	
V3	/system/process	minio_system_process_virtual_memory_bytes	gauge	"Virtual memory size in bytes"	
V3	/system/process	minio_system_process_virtual_memory_max_bytes	gauge	"Maximum virtual memory size in bytes"	
